Feature,Mean Value,Interquartile Range
Age,0.6606,0.3378
Gender,0.5798,1.0
Height,0.3535,0.0011
ICUType,0.5935,0.6667
Weight,0.2425,0.1131
max_ALP,0.0459,0.0125
max_ALT,0.0123,0.0106
max_AST,0.0212,0.0184
max_Albumin,0.4929,0.0
max_BUN,0.1554,0.1205
max_Bilirubin,0.0416,0.0237
max_Cholesterol,0.3515,0.0
max_Creatinine,0.0725,0.043
max_DiasABP,0.3183,0.0462
max_FiO2,0.7778,0.2234
max_GCS,0.8764,0.1667
max_Glucose,0.0777,0.0409
max_HCO3,0.3848,0.1429
max_HCT,0.4739,0.1634
max_HR,0.2234,0.1198
max_K,0.1228,0.0556
max_Lactate,0.0918,0.0327
max_MAP,0.3871,0.0548
max_Mg,0.0325,0.011
max_NIDiasABP,0.3441,0.1438
max_NIMAP,0.3758,0.1373
max_NISysABP,0.4869,0.098
max_Na,0.3307,0.0926
max_PaCO2,0.3716,0.0843
max_PaO2,0.4692,0.2999
max_Platelets,0.0972,0.0553
max_RespRate,0.2118,0.0
max_SaO2,0.91,0.0062
max_SysABP,0.544,0.0692
max_Temp,0.3817,0.1698
max_TroponinI,0.1935,0.0
max_TroponinT,0.0517,0.0
max_Urine,0.0968,0.0703
max_WBC,0.0282,0.0151
max_pH,0.0016,0.0003
