label,risk_score
1,1.7432561680920922
-1,-2.569016701434359
-1,-0.3523608464428004
-1,-2.458904651205059
-1,-2.690577136839374
-1,-2.2828937824181894
1,1.4924454345713178
-1,-1.0802213633905662
-1,-0.38609798406182205
-1,-1.8207854286772622
-1,-1.5179054092522895
1,0.35150227636625586
-1,-4.408932560507674
1,2.4705647983216252
-1,-0.5377316083226542
-1,-0.10587076049666633
1,1.838096929898995
-1,-1.3702833257409883
-1,-0.45411925544920906
1,1.7374486242386948
1,2.942000017207464
1,2.7453433059727264
-1,-2.5598000967774945
-1,-2.1415347997830088
-1,-1.231213868466602
-1,-2.4854781122640714
-1,-2.366570483195572
-1,-3.4705285382802256
-1,-1.0316972882474873
1,0.8202942847983123
-1,-1.7891055725551355
-1,-1.1467371441325553
-1,-1.6394134030712992
-1,-1.4434902409635288
-1,-2.1158010050368863
-1,-0.7156979455384881
1,2.1032280661088496
-1,-2.1187723283782383
-1,-3.478398075091448
-1,-1.0293531519368266
-1,-1.332158305479489
1,0.29270618757681044
-1,-2.2576957149745818
-1,-3.6444903331289646
-1,-2.6187346619897305
-1,-1.9948859312459364
-1,-0.1815155219882182
-1,-0.3459578500564251
1,4.118495246459742
-1,-3.0057380084919645
-1,-3.1483908797379616
1,0.3287807557596769
-1,-3.7455729895372345
-1,-0.20487724558043663
1,0.36179506817914353
-1,-1.3527939938634255
-1,-1.9207260305601335
-1,-0.03262706944095983
-1,-1.9835238866072604
-1,-2.4025981464704
-1,-1.8871546919327828
-1,-3.3471678925652055
-1,-1.0694974332558032
1,0.8890596694671555
-1,-2.372171744625425
-1,-1.0362018530811088
-1,-0.4377889643552775
1,0.42583100424871523
1,2.9369388206645475
-1,-1.473815571236122
1,0.2524346745781709
-1,-3.3209942714042118
-1,-0.3565876513040954
-1,-1.4538593391939654
1,0.7742748347426638
-1,-1.0214408235613754
-1,-1.9970554359747061
-1,-1.0595462928379378
-1,-0.36149282725665566
-1,-0.7029222399340689
-1,-4.194608935523257
-1,-1.9756627831375777
1,0.01419123278633272
-1,-3.7374510918369266
-1,-0.6308087162668774
1,0.9812830315610086
-1,-1.2790918330637926
1,0.053054545710718104
-1,-2.0352263252195475
1,0.4191788349879182
-1,-0.04820891697865837
-1,-2.8274641199923938
-1,-1.7846267354144065
-1,-2.594159205650053
1,0.650973015043778
-1,-2.2234843706152
1,2.2794673980669318
-1,-2.794277155301506
-1,-1.2368041140837054
-1,-1.766117341875769
1,0.9383610483431275
1,1.8018903529129837
-1,-2.0741417434939198
-1,-2.691184420446012
1,2.2228143901510036
-1,-3.5149056783919113
-1,-1.7802482031213258
-1,-3.479864733287183
-1,-3.4989400811484757
-1,-1.5085082359601114
1,1.0511254588451828
1,0.7524594079666063
-1,-0.17527389939233973
-1,-2.6538897582694343
-1,-1.2539761457548784
1,0.00480974567214254
-1,-3.313500492812186
-1,-1.1961020020721087
-1,-0.08101163980847292
-1,-0.46049494252905065
1,2.464209917857553
-1,-0.8114329480978425
-1,-2.0212399753793986
1,0.4386430640472474
-1,-2.1546068959691604
-1,-0.9757759659408155
1,1.2877009678088387
1,0.36721556714106196
-1,-0.08352905779037678
-1,-3.4213124290815395
-1,-0.18926453956738587
-1,-1.8631817370825472
1,0.8253672709098805
-1,-1.5203911545373137
1,2.3579125353301142
-1,-1.1598573350758912
-1,-2.1747882584505023
-1,-0.7480406203039742
-1,-3.057871079066362
-1,-2.742400978299934
-1,-0.3668377911453605
-1,-2.2369110879796197
-1,-1.0043105096907663
-1,-3.0053210495153238
1,1.9553602675597437
-1,-2.452517788018377
1,0.6418707083851745
1,0.8400973535063072
-1,-0.14959467982320906
1,2.9943918124058717
1,3.0851980988017527
1,1.3897727965136342
1,0.5902023882843426
1,1.6544030688401954
1,5.487007032743477
-1,-2.7199959685565345
-1,-1.0229948312026333
-1,-1.3513659718464297
-1,-2.3787759046239803
1,0.36778920475492916
1,0.6753494793521444
-1,-2.1307793672293407
-1,-1.4394099594033578
-1,-2.4718493395786267
-1,-1.112894273101332
-1,-1.2200215454028722
1,1.470665010743753
-1,-1.413724529788409
-1,-1.228510988156059
1,1.0705623629821843
-1,-0.9685465733587731
1,1.3197338890619974
-1,-1.774179149400879
-1,-0.7218322113966518
-1,-1.5538897673242886
-1,-2.080389228301533
1,1.7867863335540808
-1,-1.4476436617649737
-1,-3.8758983491118375
-1,-1.034929917623342
1,2.41005141606513
1,3.768123049736868
1,0.5698908844124086
-1,-3.600986853561456
-1,-3.0357348351680953
-1,-1.330329626422328
-1,-0.5717186949741299
1,3.43199908374533
-1,-1.6417048690565632
-1,-0.3282316318981816
-1,-4.308949879847953
-1,-1.9203396187686597
-1,-3.015954416088456
-1,-1.083493339876895
1,0.16815611658542395
1,0.05819641495575634
-1,-2.7919019885268685
-1,-2.0952176762270662
-1,-0.08731783110174163
-1,-1.593691835667062
1,1.5003175067934384
-1,-2.2562803169755474
-1,-0.8820706085945005
1,0.7728098674612667
1,0.4529283411872824
-1,-1.842027540787472
-1,-2.438566980523739
1,0.8561109398198694
-1,-1.6892864164245287
-1,-0.792968267781057
-1,-1.0716695865584132
-1,-3.663173013403914
-1,-2.8292305762824883
-1,-0.10882534995141058
-1,-2.344194059636635
-1,-1.2724220493091727
-1,-0.028944731133429435
1,1.134239284645736
-1,-0.8047151144818969
-1,-1.8775193577921014
1,0.8754173024455876
-1,-2.665228094061237
-1,-2.4636144618440996
-1,-0.8648311956190913
-1,-1.2199342430528661
1,0.3102753122640778
-1,-2.430562436366745
-1,-1.8662168007178597
1,3.7080172393842945
-1,-0.8916250242923855
-1,-0.07060711782911278
-1,-2.3218371574755494
-1,-1.6754312124579187
-1,-2.6159727076083676
-1,-0.14838265910222215
-1,-0.9853961849596632
-1,-2.6802488632738113
1,0.9110097713461638
-1,-0.3144366045922955
-1,-0.8225149909833834
-1,-1.5071131128742996
-1,-1.815027035809229
1,3.0564013864040955
-1,-0.5481692066938961
-1,-3.3896012329068466
-1,-2.194723640854843
-1,-2.223918182672543
-1,-2.4043953359913544
-1,-2.6049832364589967
-1,-0.03178827975136245
1,0.05156890507099954
-1,-4.29926654738695
-1,-1.091553502710191
-1,-2.5760366102407968
1,0.35796948021174013
1,2.8334855140854547
-1,-3.0607154842105917
1,0.4283065580150873
-1,-1.847662552084878
-1,-3.141490962207028
-1,-1.241498424436226
1,1.8508238395790626
-1,-3.0815699257924
-1,-3.4007493591388194
1,0.3228191593622398
-1,-2.247520840940186
-1,-0.6329898497599493
-1,-3.4066136201765485
-1,-2.853627684572548
-1,-2.835564223187637
1,2.787515635387866
-1,-2.3607490470776415
-1,-2.6293761693170707
-1,-2.512917106692817
1,0.2746316516078404
-1,-1.1814981589013032
-1,-1.0138147009358423
-1,-0.48335053762989444
-1,-1.7532549480327475
-1,-0.29611747715328085
-1,-0.09458835833311341
-1,-1.4304975091573573
1,0.11037105438924066
1,0.5978384069359304
-1,-1.1549244783295438
1,1.0333832531123954
-1,-1.0750461790037698
-1,-3.098517872163967
1,1.5376974461534532
-1,-1.1476282656887666
1,1.6269609536721383
1,0.047620059134689585
1,0.2579016074427454
1,0.8130871195156135
-1,-3.392631560210212
-1,-1.191820567092943
-1,-0.19558929932918656
1,2.5113207956931873
1,0.07196181517452782
-1,-0.4578435568850058
-1,-2.7158048722632984
-1,-1.9679340002863144
-1,-2.548570392672728
1,0.21011872276043442
1,1.0142185763943468
1,1.1466025202962917
1,0.9848041919756232
-1,-2.2082524066657907
-1,-1.7446225548102492
-1,-2.068015934103229
-1,-0.9258437732119036
1,0.6286965713003132
-1,-1.2745165561708671
1,1.7129578054336603
1,2.520817762705196
-1,-0.7933921247772775
-1,-2.098459676518785
-1,-1.0684274120736594
-1,-1.2129710813809422
-1,-0.9326053680199999
1,1.5965633055172488
-1,-1.2100132459343165
-1,-1.109930362252891
-1,-0.3243861091823458
-1,-0.9854958957022768
-1,-1.9498724045044367
-1,-2.5334833259581586
-1,-2.173608728460346
-1,-3.3321559378911907
1,0.014445978970346607
-1,-1.190212456587419
1,1.7780831160601094
-1,-2.6284225634352554
-1,-1.7167684902848843
-1,-1.6400656325246887
1,0.027922312304109687
-1,-2.6810629453338892
1,2.3264853281452407
-1,-0.7014988973288817
1,0.27551448629903197
-1,-0.45548292048569994
1,1.475961689116455
-1,-0.8606665142945261
1,0.18952709989633343
-1,-2.904584883817248
-1,-1.8148925167227046
-1,-2.2548817562302403
-1,-2.339508393707175
-1,-2.856152446311503
-1,-1.9311981750913703
-1,-0.5926155443669135
-1,-2.5162861021487415
-1,-0.6304511042230472
-1,-0.40837885825892717
-1,-1.5064271165142653
-1,-2.12225553654622
-1,-0.2859558526489997
1,0.9592413870394145
1,0.546250493307219
-1,-2.1106797628678944
1,1.3715999488302992
1,1.8058795722748815
1,0.734736983696316
-1,-1.520148634039213
-1,-0.9267147097111686
-1,-2.2047888658063326
1,0.22926079518738463
-1,-0.8903275348990672
1,0.7057233887826055
-1,-1.0159000443506339
1,0.7293431169852835
1,1.2691151960745939
-1,-1.1462754377349431
1,1.2934863138745276
-1,-1.9713715961074674
1,0.2935685120634437
-1,-1.7671198148146874
-1,-0.9213283729379793
-1,-1.0646320261587627
1,0.9426977459097052
-1,-3.24165871484544
-1,-1.746541159228754
-1,-0.6709097186662376
-1,-2.7675802538459227
-1,-1.461749900881651
-1,-1.910565654447415
-1,-3.1858414527299663
-1,-2.5882212264122133
-1,-5.347723031307948
-1,-1.058033900425167
-1,-4.258320477443138
1,2.184736241829163
-1,-1.2240082414483489
-1,-0.774185700442096
-1,-1.0602040077731576
-1,-1.148356345819053
1,0.6044918671550557
-1,-0.8879935250366707
-1,-2.4168606056335804
-1,-0.8075578268480355
1,0.3471274642934643
-1,-0.4492826480895521
-1,-0.8487747148748723
1,0.1592042612320672
-1,-0.9433407177489546
-1,-3.610519960785102
-1,-2.4525508823785396
-1,-0.10294352560513231
-1,-0.603991702031006
-1,-0.7429566803985251
1,3.5428012069225137
-1,-3.013974972434056
1,0.6643639272532671
-1,-1.8006656140564812
1,2.093517474193101
-1,-1.4361448401397894
-1,-3.924913017278901
-1,-1.6945685910726467
-1,-1.868635349391675
-1,-2.2704525481256694
-1,-1.7816783879561227
-1,-2.5009365652639817
-1,-1.8965362122968683
-1,-0.45134148685460906
-1,-1.9046048639167252
-1,-0.4599744637793579
-1,-2.1287011852274036
1,2.0417040768582977
-1,-2.5167648948917813
1,2.020941586015015
1,0.0254147455939413
-1,-2.3291057134110225
-1,-1.3895384266991289
1,1.8515387151668505
-1,-1.0141817516153782
-1,-0.8146967578255353
-1,-1.6207965586971358
1,1.622293988102269
-1,-2.369554653579393
1,0.3633569842520634
1,1.4667772048500483
-1,-0.21663268893414545
-1,-0.4909239966728415
1,1.9392178528406057
-1,-1.8646128778426139
-1,-0.4518869993184752
1,0.3788730537292915
-1,-2.7002671106857963
-1,-2.300674293908245
-1,-1.8718550696370846
-1,-2.5665240496434523
1,0.3476269398694696
-1,-1.4568225592102944
-1,-0.37617953363379497
1,0.23370493513502577
1,0.8121735777424612
1,1.3891004852747282
1,1.0326318067184055
-1,-1.474059235349622
-1,-3.5124351088632526
-1,-1.4679417836701882
-1,-1.2343168045349997
-1,-1.3411793091006312
-1,-0.7841176878335805
-1,-1.0549655146635384
1,2.205632661470827
-1,-2.3236860733921603
-1,-2.0085880821298976
1,0.6202701333490648
1,0.0167263936862323
-1,-2.2566270716208647
-1,-3.023995149598816
-1,-0.5996689249734095
1,1.9390865026878321
-1,-3.5363413694928862
1,0.23965219159780005
1,0.4693482257166737
-1,-0.9842190921667606
1,1.3783837435373776
-1,-0.6906018176114026
-1,-1.3201738408912822
1,0.0696762117198444
1,0.6710698551834258
-1,-0.40369027825267734
1,0.4094563511599738
-1,-3.215267274295238
-1,-1.3241472479187584
-1,-2.2212791204620554
-1,-2.5125145625699186
1,4.69236152995283
-1,-1.0240530121509237
1,0.11287563201159534
-1,-3.5181645320837207
1,3.5949070010209327
-1,-0.9543737140981247
-1,-0.29325675624236813
-1,-0.9589966050528931
-1,-0.7448545148403871
-1,-1.5363923194170066
1,1.498959476103961
1,0.29728732676936054
-1,-1.1339407883705717
1,0.3872642503527639
-1,-1.7432626067849593
-1,-1.7168511815715544
-1,-1.8117819829570636
-1,-2.965527088894661
1,2.2164690766765567
1,0.9371646294822307
-1,-1.5015274604126407
-1,-0.5376821094998999
-1,-2.1668909863819055
-1,-1.4645944104564887
1,0.4434683019969905
-1,-1.3041048871468388
-1,-0.002694119741536438
-1,-0.7691553841247571
-1,-1.4162202103041528
1,0.3529278554936033
-1,-1.420991960418954
-1,-0.46515404480787625
-1,-1.9352773577697902
-1,-1.621109809397761
-1,-0.7205106311110017
-1,-0.6686806040324064
1,1.0265592088144555
-1,-1.2092500953106746
-1,-1.0174667291779491
-1,-2.6168265528896946
-1,-0.232688507569644
1,1.0932432590238197
-1,-2.2518465609839984
-1,-3.9062191114493157
-1,-2.926558392395175
-1,-1.0654439289377875
1,0.738509262673571
-1,-0.7303689605822226
-1,-1.7086421696697944
-1,-2.9243093154316115
-1,-1.9274519502458138
-1,-1.524634870546558
1,2.802576734863078
1,0.4824876040675108
-1,-0.6615628669924618
1,0.05443583701389909
-1,-3.3961020213959294
1,0.1455418028000217
-1,-1.3761521454408798
-1,-0.6236041071192329
-1,-1.7215844672319793
-1,-1.1469751530049013
-1,-1.7511378443770442
-1,-2.3702146091662355
-1,-1.7473299447458381
-1,-1.3774040338637539
-1,-0.1986772551906859
-1,-1.7564451439459539
-1,-0.7404651413401079
-1,-1.0335299629329862
-1,-0.5742327516336272
-1,-0.8034997942939609
-1,-1.2812634820188038
-1,-2.0644314122422314
-1,-2.9044836260497604
-1,-2.137239418128167
-1,-2.6434947954773595
-1,-0.9378229010290347
-1,-1.9739071784721487
-1,-1.382941543879885
1,0.7629448887603942
-1,-0.9047282089740245
1,2.4338060049392984
-1,-1.2550822861811344
1,3.199087195881858
-1,-0.47970296564893367
-1,-2.1337141762080813
-1,-1.1191160234630217
-1,-0.8237372795130824
-1,-1.9892063818272898
1,0.47419509336018084
-1,-0.7030213823681983
-1,-3.375932048066562
-1,-2.8803756247530803
1,1.4952938172122108
-1,-2.137099208485351
-1,-2.9668057190908232
-1,-0.9083744578704156
-1,-0.1295969878759492
-1,-0.7264729939852947
-1,-2.8487950903294363
1,2.3147430989586804
-1,-2.9539839704972755
-1,-2.796346443197386
-1,-1.9964717338241345
1,0.36810585378661287
-1,-0.6956136540211462
-1,-1.6584230594541078
-1,-1.266053625650858
-1,-1.221852754018499
1,1.556823896574134
-1,-1.272376721996139
1,1.0688152297773337
-1,-3.239035050177434
-1,-4.138527032206172
1,1.2208428730773184
1,3.232574546652092
-1,-2.6566048763152956
-1,-2.686841948881811
-1,-1.508425149351728
-1,-1.7156182323835742
-1,-0.5073224538675308
1,1.2971982583703185
-1,-1.8093937878136925
-1,-2.0890816831943715
-1,-3.88817670681279
-1,-1.46009769409006
1,0.24335083668055546
-1,-0.7910315789480984
-1,-1.0121598174556683
-1,-2.584682998174162
-1,-3.038241454916121
-1,-1.0089089256575408
1,0.5893903820287301
1,0.2645616341682835
1,0.6790502391980582
-1,-1.5185550855278651
-1,-3.3033273045375413
-1,-0.5153076014759932
-1,-3.114505219024802
-1,-3.200025235728181
-1,-1.5387116929208804
-1,-2.217649193636216
1,0.13985529141805175
-1,-1.9415052659314607
-1,-1.5674699256719704
-1,-0.27638585272045213
-1,-2.976983996869697
-1,-1.7043765937397755
1,1.8863088198194002
-1,-2.1870030038890613
-1,-2.9970283445820325
-1,-3.165348415919711
1,2.435655601950776
-1,-2.7745639916905374
-1,-1.2275345813108889
-1,-0.4011056745006305
-1,-1.2955409292636137
1,0.4466276494822021
-1,-3.088194473017488
-1,-1.1525729233837
-1,-1.6779816213229082
1,2.1443132040380135
-1,-2.900417834505436
-1,-1.3034990824397121
-1,-2.74124194985985
-1,-2.921746348171995
-1,-2.725617002581931
1,0.44277901388153196
1,0.12410962892874955
-1,-3.830946197204911
-1,-1.6473360558768888
-1,-1.3586782635359953
-1,-4.2333782526927894
1,1.0207840863618503
-1,-3.503766330931435
-1,-0.9179002663251686
-1,-2.107149909111988
-1,-2.4692909641182874
-1,-1.5279141037585977
1,0.15263192261715886
1,1.395615190315657
1,1.095166082963649
-1,-2.4234008481973355
-1,-1.0980549860035784
-1,-0.10995558491850277
-1,-3.0096983222968046
-1,-2.8688172569084633
1,1.3318386280179
1,0.7366081873053401
-1,-1.6919301575814907
-1,-0.011213687235508862
-1,-3.968573457021966
1,1.794533982348612
-1,-2.6789265622166205
-1,-2.9623974003334737
1,0.2720845457148644
-1,-2.340615466330724
1,6.934045172327975
-1,-1.0961362708408975
-1,-2.245841004084574
-1,-2.9801496606274407
-1,-0.4722007664535538
-1,-1.8671684405991942
-1,-0.9625722444757604
-1,-0.9616424569254416
-1,-0.9562874160390538
1,0.531241576304214
-1,-3.101239294898381
-1,-2.7984113606897436
-1,-1.1145552207132126
-1,-2.1466331947946298
-1,-4.343890974849669
-1,-1.4776009862179356
-1,-0.9471049737191379
-1,-2.322371626703561
-1,-0.9606554570783815
1,0.6462295026754337
-1,-0.8172521546622635
-1,-3.0632871342257433
-1,-2.1275332223661083
-1,-0.5873034863713795
-1,-2.634116779591677
-1,-0.5374030355378874
-1,-0.7825834329733594
1,1.0213428245556238
-1,-2.1982428794266315
-1,-2.1835309927482065
-1,-1.101573726055011
-1,-0.4415479204024553
-1,-0.537359628687393
-1,-1.4882207147330666
-1,-3.1335417782739547
-1,-3.21355173110617
-1,-3.3034300705947466
-1,-2.3730464254131567
1,0.704975992773581
1,1.7452951594663493
1,1.153994425686223
1,0.0759368609257054
-1,-2.36148971415846
-1,-1.2302045884449293
-1,-2.134779317719664
-1,-0.8750411855871854
-1,-0.5282567302966119
-1,-1.2318541720759304
1,1.4622357315923746
-1,-3.093183506521193
1,0.5878637226197949
-1,-2.5653902976501515
-1,-3.942911761082023
-1,-1.435768946627289
-1,-2.15499413059843
-1,-0.34496367640062975
1,0.29726322593761334
1,1.4365427796125794
-1,-2.913101425164755
1,0.81656340105592
-1,-0.5588372168638536
-1,-0.36183211560021344
-1,-2.494682703886679
1,0.6359088530905721
-1,-0.23679937117522054
-1,-3.9016222974253
-1,-2.0967533346231715
-1,-1.11097786727875
1,1.0521539127555555
-1,-1.3726294220272313
-1,-0.07103547058127524
-1,-0.8244314489171183
-1,-3.2388380967005466
1,0.2014769519564339
-1,-1.0152058462414948
-1,-2.438128321069973
-1,-1.4711447448595925
-1,-2.8851771218384417
-1,-4.0479306371741055
1,0.1278278325391169
-1,-2.8785107134477874
1,0.33058578642667524
-1,-0.8955492765752201
1,2.244363191187019
-1,-1.4733533451485044
-1,-2.2652974533575607
-1,-2.505163234548365
-1,-0.9917484228953611
-1,-0.05036863910358158
-1,-1.946374030801561
1,0.8326670212503289
1,0.5395365310877696
-1,-1.519188675665402
-1,-1.2398981033767442
-1,-2.6844028967000364
-1,-0.9259064117430293
1,1.8825593685263133
-1,-2.375004095027906
-1,-2.669162972713986
-1,-1.4804063858115502
-1,-0.6552938689481613
-1,-1.8900317633994326
-1,-1.7285727578951162
1,2.06499629556001
-1,-0.8387964424253478
1,0.6563700828023031
-1,-2.073403023532623
-1,-1.6947921437019073
-1,-3.0059243914359257
-1,-1.2468920385530817
-1,-2.6534269800905905
-1,-2.5966837744068503
-1,-2.1075010772584983
1,0.2978229529178902
-1,-1.6242015475334846
-1,-3.3837997078206
1,2.3547888121836706
-1,-2.521304702058553
-1,-2.576724485147343
-1,-2.8880446542390095
-1,-1.094543033583344
-1,-2.6318433438553948
-1,-1.5652640482962228
-1,-1.812000116035569
-1,-0.15478461160569268
1,0.8357615234833222
1,1.6083471803460092
-1,-2.4810918852500436
-1,-2.9361453016868824
1,0.12026136125329412
1,1.2229545468543466
-1,-1.1986036020158064
1,0.9931567490303854
1,1.4687703372365692
-1,-0.23761269686304365
-1,-0.2710537141144619
1,0.6061765720872292
-1,-1.5829935680387874
1,0.4932263488768458
-1,-2.022136892170477
-1,-0.4664650094242815
1,2.992727838670703
1,1.3328934347058035
-1,-2.614505708848313
-1,-0.8954266591293372
-1,-0.19464653396954779
-1,-1.5279254325029732
-1,-1.692585189834058
-1,-1.395248778626185
-1,-0.7496365205144535
-1,-1.6942266270599078
-1,-3.1023875034298225
-1,-0.7724419335577075
-1,-1.322292513214861
-1,-1.3233468637551062
-1,-2.7096383455070896
1,1.3454458369915636
-1,-1.7440245900195341
-1,-3.060856879690217
-1,-1.3253413626578812
1,0.9358429363513905
-1,-0.3266162869182694
-1,-0.8895387592900414
-1,-1.7802925139488983
-1,-0.8406621595410033
-1,-0.769657243915878
-1,-1.999689256953359
-1,-2.1291696981782593
1,0.563790285262489
1,0.265032243853504
-1,-0.07044874094108633
-1,-1.0253261045294888
-1,-2.9457570369330943
1,0.734992640592623
-1,-2.7017236953005535
1,0.2630402228683866
1,0.1359552121547838
1,1.5513396738374474
-1,-2.695606821866301
-1,-0.890015278356707
1,0.4849299953188537
1,0.17712905562060333
-1,-0.6772299800123914
-1,-3.4310141960981015
-1,-0.9235462735719941
-1,-1.1895398171379583
-1,-2.6262420967186544
-1,-3.058160991115078
-1,-2.0281637515885462
-1,-2.2654004485822314
-1,-0.980316732897009
-1,-0.17945457663985054
-1,-3.280388989013428
-1,-1.6226638292285052
-1,-2.704903553186001
1,2.2681568747568157
-1,-1.877146593746303
-1,-0.7100669443557984
-1,-0.032697481346079194
-1,-1.368252116500523
-1,-0.7347964569939982
1,2.168333520082509
-1,-3.1665452600686415
-1,-2.4753243782469894
-1,-1.0005230647626702
-1,-3.2621427656256277
-1,-1.3938472263642667
1,0.8513071308901654
-1,-0.2487644331146105
-1,-3.0180445317865088
-1,-0.10586153098829021
-1,-2.4154333445702605
-1,-1.8805841222089243
1,0.48606561916017155
-1,-1.6231117655093472
-1,-1.968601983132916
-1,-1.0274828671347747
1,0.4171075765978407
-1,-3.5891282983891877
-1,-2.157548332994838
1,0.6356051667481377
-1,-2.0755571032420845
-1,-2.7331906242310633
-1,-3.2575731432293864
1,0.5606122680171766
-1,-1.5648082823793887
1,0.18996899447385385
1,0.9542651163841607
1,0.276058353369256
-1,-1.4497079264930481
1,0.6419085111519618
-1,-1.408930583496116
-1,-1.9480096002900669
-1,-1.9286762656592105
1,1.5193797551556372
-1,-1.7580348653573266
1,0.9736301888155883
-1,-1.8063270004507412
1,0.9872020799626353
-1,-2.530441613610959
-1,-1.5290019928234457
1,2.6279592024392766
-1,-2.2961725232407337
-1,-3.2624413283823603
-1,-1.5701540808143024
-1,-0.46290852034020114
1,1.1387450309491067
-1,-2.6564321125026913
-1,-3.1874946043082257
-1,-0.20320758033091912
-1,-1.7045442739185366
-1,-2.657796567673393
-1,-0.9650845856937682
-1,-0.0978072570842099
-1,-1.2745900938814398
-1,-1.25207239610971
-1,-3.2835565002986122
1,5.114806828724718
-1,-0.3761366329329955
-1,-1.9763399417189174
-1,-2.771046720099445
-1,-0.2958479506743611
-1,-0.853148263588704
1,0.37963393707514204
-1,-0.19470359599388565
-1,-0.1098324499819614
1,0.8650607603531726
1,0.01409163658128354
-1,-0.4656272362385778
-1,-1.8246292663322115
1,0.6395522134613476
1,1.1499696959344605
-1,-2.388424030831097
1,0.45825847763196514
-1,-1.4155936695667757
-1,-3.0304022103765167
1,0.27794631373025713
-1,-2.8723841398224623
-1,-1.7720691800181565
-1,-1.7447905090306302
-1,-1.183162500061774
-1,-0.8001266735328205
-1,-1.692282655799231
-1,-1.346019262469067
1,1.6680205461175166
1,0.19195212807300477
1,0.5235090108803497
1,0.43847637595931843
-1,-2.0973416989614266
1,0.0725498052635476
-1,-3.018685387559554
-1,-2.0197891742260516
1,0.3159302130066661
-1,-2.510183129849981
-1,-3.2869267550566335
-1,-2.1122934759251377
-1,-1.1490201037323873
-1,-1.1075714266721683
1,0.449680135750369
-1,-1.8137830572186457
-1,-1.8712233967686895
-1,-0.7508955499306422
-1,-1.7794681591377601
-1,-0.7017024271096509
-1,-1.5302398153330645
-1,-3.1619892044274236
-1,-0.39373237544248296
-1,-0.5377166463518807
-1,-0.5717111347617202
1,0.9387072628829027
1,2.298191948297518
-1,-2.5149303351950616
-1,-0.7442311152463609
-1,-0.5886877249572948
-1,-0.708198508489654
1,0.3069518568526408
1,1.2271848606876932
-1,-2.0287784919976524
1,1.8312867253255598
-1,-2.358462340290954
-1,-1.2958455657913899
-1,-1.0128852826932897
-1,-2.269918572341746
1,3.814773786929937
-1,-0.21794620330462555
-1,-0.7747165164468013
-1,-0.959910465154474
1,0.3099836196733734
-1,-2.860342460867754
-1,-1.4110494926632546
-1,-0.2525248954242393
-1,-1.365049518093408
1,0.4797503289616447
-1,-2.7740008058236008
1,1.935553467003441
1,2.9503878738659415
-1,-1.0586783100130777
-1,-4.095757071163458
-1,-3.6860265762796347
-1,-2.2005537558986576
-1,-0.07468036973898495
-1,-0.6691686970166741
1,0.07178347629630832
-1,-0.7863691439631084
-1,-1.3639327336630245
-1,-2.9035254646909854
-1,-0.7779813964213116
-1,-1.0134525907971679
-1,-3.1816925800518767
-1,-2.687296762930469
-1,-3.3998157607053328
-1,-0.5139522590305262
-1,-1.5343290134218592
-1,-1.1936081839082662
1,1.3595632362200265
1,3.6896733249878357
-1,-1.813059370653491
-1,-0.9622971142693317
1,2.9765495292679685
-1,-0.15492610488530123
-1,-1.3208754495289479
-1,-0.6787554132178966
-1,-1.0467014923717466
-1,-2.1287523678958373
1,1.5803276587031718
-1,-0.9009142347083163
1,0.6462570372841971
-1,-0.1728357895401783
-1,-3.6590003783737757
1,0.3849276603149556
1,0.3863608382076156
-1,-1.2043615106626364
1,0.7100517811972251
-1,-0.6913917575016924
-1,-1.9367262490807444
-1,-0.8692540315967003
-1,-1.5233407648020867
1,2.0634440703255876
-1,-0.7898048493120113
-1,-4.164974007760091
1,1.3958643967417592
-1,-2.5606790025031874
-1,-1.6127152325290064
1,1.1474112809956203
1,1.0000133487576075
-1,-2.744236891477699
1,0.3912775673895237
-1,-3.3100443129034414
-1,-1.6952186919613843
-1,-2.4318680185560453
-1,-2.5566703564330533
-1,-2.8084337279826848
-1,-1.2952727765554524
-1,-0.576012345981791
-1,-1.2058183977939583
1,0.7959943332786066
-1,-2.8708924378209133
-1,-3.035918162102046
1,1.0454441561019163
1,0.34273616081561786
1,2.1434095281687178
1,1.2599694562089894
-1,-2.664962498331561
-1,-2.5368571022062882
1,0.4576086649979747
-1,-1.2594112721157915
1,0.1575373722133726
1,3.796371824266954
-1,-1.3837930532881284
-1,-2.83633625708855
-1,-1.2122127971696497
-1,-1.7629674333369645
-1,-0.6421537602309799
1,3.65259737991897
-1,-0.4455321687067818
-1,-3.348733437692272
1,0.39827709821752855
-1,-2.691338309747203
-1,-3.736439663465668
-1,-2.127154457443293
-1,-1.5752457996780946
1,0.2343464247056668
-1,-0.7603960651879365
1,1.5790187172989778
1,0.01564273498299551
1,0.4720703365205401
1,0.33644091139954657
-1,-2.9860155475575585
-1,-0.6117806262473473
1,1.4056137995857274
-1,-3.2527109382483665
-1,-3.3460496301045772
-1,-3.0633573571570674
-1,-2.250534180508289
-1,-1.3058869204452308
-1,-1.6447035364437506
1,1.1216839629464113
-1,-1.2971118575617795
-1,-0.8543276061501885
-1,-1.8804641955874182
1,0.08530987278834079
-1,-2.6318952283815875
1,0.37417475608536077
-1,-2.136352514429793
-1,-1.3570948240038219
-1,-0.5259834522545962
-1,-0.45794356953724513
-1,-1.0365794660576484
-1,-0.8080500611717587
-1,-3.1441130403261024
1,0.2721926962251042
-1,-3.913400381990045
-1,-2.0403415576181607
-1,-2.33907002203908
-1,-2.2817018282144867
-1,-3.54960172094646
1,0.8346267874740856
-1,-2.1712534035332984
-1,-3.455039336449925
-1,-1.5858606832469913
-1,-0.24858587971294455
-1,-1.8293712050368167
-1,-0.046015196832591476
-1,-1.8993195465772386
-1,-2.1934790951412646
-1,-1.84879810521516
1,0.3568769540508676
-1,-1.348115463081422
-1,-4.204494410017031
-1,-2.177088999352243
-1,-1.209280566339602
-1,-0.16795796144218778
1,0.5370315682612181
-1,-1.604088895971296
-1,-2.7052888825731753
-1,-1.7996225212797223
-1,-1.8953282453426752
-1,-0.06953907105829349
1,0.5155917113447495
-1,-2.7121509560940975
-1,-1.7982509898945758
-1,-4.253888332517239
-1,-3.0675352483724785
1,0.9534891697647325
-1,-2.2708689490172134
-1,-0.6934673981852013
-1,-1.205438909557962
-1,-2.230491590530471
-1,-1.1180886031141088
-1,-1.6746440981083046
-1,-2.1535723228291968
1,1.5432124071477304
-1,-3.315977641688624
-1,-2.505961345587756
-1,-3.57189430157439
-1,-1.1685296657542423
-1,-0.9728588419196864
-1,-0.09856361667658409
-1,-1.0751202719675161
-1,-3.40999547316589
-1,-3.3408853922232167
-1,-0.9368849385277986
-1,-0.45851530876039337
-1,-1.7172911705486738
-1,-3.5134436969488645
-1,-0.05729466768045843
-1,-0.9926447861419591
-1,-1.1015963576457732
-1,-2.791158986032946
-1,-0.7314114066840308
1,0.44317661317034074
1,1.230929515204793
-1,-2.8368710573057516
-1,-2.397438947384259
-1,-2.1502168964906767
-1,-1.8653748038169322
-1,-0.1991554124059539
-1,-2.9057178517436224
-1,-2.0176521538672816
-1,-2.470141381916605
-1,-0.8161689488668706
-1,-1.6838749961101027
-1,-0.8930897335993351
-1,-0.5666139864086825
1,3.182589032122749
-1,-3.3797878303434326
1,1.7793466187329694
1,0.36260686758370353
-1,-0.32451756063895965
-1,-1.0723384543527603
-1,-1.129909263193396
-1,-0.11700662398738726
-1,-1.0047629881352218
-1,-0.576885415172373
-1,-2.4169359238352977
1,0.6349116699034427
-1,-3.077870459953589
-1,-1.0853298904674467
-1,-3.482707041751257
-1,-1.0670481624076098
-1,-2.150201749777695
-1,-0.7337169459366575
-1,-1.6916368814988592
1,2.1780555339803396
-1,-0.7457860569691912
-1,-0.08627643839831867
1,0.5436370722888919
-1,-1.846512926312966
1,2.3139871163698027
1,0.13252215282042124
-1,-0.21634514233635516
-1,-1.2818559381962888
-1,-0.9593976163552227
-1,-3.21919460406772
-1,-3.1763886312073994
-1,-1.9608494245520753
-1,-3.2583196664670195
-1,-3.7019204447721448
-1,-1.7788516759167428
-1,-0.80776460099715
-1,-4.392691499557554
-1,-3.126306776122223
1,0.020877342728132353
1,1.2119291209008842
-1,-1.9056821728916333
-1,-3.277708317487387
-1,-1.6428145166677717
-1,-2.1981442817524472
-1,-0.8265389734536495
-1,-1.9800912885535753
-1,-0.4709036871624396
1,0.02288646785507331
-1,-0.2676297815404848
1,0.08304083015244434
-1,-1.2449070205719872
-1,-2.7190497315492177
-1,-0.8915379522991608
-1,-0.9342600640829903
1,0.14043783760149986
-1,-3.6400088887224946
-1,-1.5547381410326608
-1,-1.8993834543088965
-1,-1.6277391599760507
-1,-1.5410804322256881
-1,-1.2365783410392859
-1,-1.3177379571691628
-1,-0.6609751510557538
-1,-0.8779032104834996
-1,-1.4849087232044917
1,0.3661649612549682
-1,-0.48749528985891843
1,0.48914147466678015
-1,-0.9098601673639809
1,0.1403192355661409
-1,-0.8506450216592926
1,2.376560480364497
-1,-3.0753064354789563
-1,-2.7206917370094867
1,0.076951371943482
-1,-2.0757835577657753
-1,-0.5199163898626085
-1,-1.1104437137827554
-1,-3.20236106365392
-1,-3.164057791053727
-1,-0.6471165731096564
-1,-3.5667288693566386
1,0.8859226012886012
1,0.20933068870500682
-1,-0.5520988783708645
-1,-1.5603936585869902
1,1.4256066203205837
-1,-0.4818985891175209
-1,-3.2834573460194774
1,0.8702500063190906
-1,-0.9076448052015574
1,0.044363924708607616
-1,-2.3937922104497984
-1,-1.0266396738325174
-1,-0.6444694760531451
-1,-3.500740094724774
-1,-2.9626660728926577
-1,-0.7318731428027561
-1,-0.8940706756907849
-1,-3.8108891808163214
-1,-0.4113991293317517
-1,-1.4227723562746315
-1,-1.7104473888056773
-1,-2.1490491374828657
-1,-2.186912606984174
-1,-3.0861279177471213
-1,-2.6128959942482988
-1,-2.5788229623620667
-1,-3.9587039312350027
-1,-2.7474427436351
-1,-0.7284456749961838
1,0.5994262782486828
-1,-1.3220624063009139
-1,-2.269113968253839
1,0.975649987851883
-1,-2.680450394296628
1,0.4842232317342936
-1,-3.1508146069930936
1,0.4212784126520033
1,1.0138382138573865
1,0.21186523977838467
-1,-1.3306954285030956
1,0.6030918305489057
-1,-1.8710516247884783
-1,-0.9387092981461918
-1,-3.067898162670038
-1,-2.1774372105579136
-1,-1.795519604841973
1,2.0274120254935495
-1,-1.956434930756363
1,0.6371430246545937
-1,-1.1047362926984763
1,0.7225196396896965
-1,-0.21555877813563662
-1,-1.3661380169824702
1,3.1849617749851387
-1,-1.7558541226581097
-1,-1.8134309809195124
1,0.5674509075524963
-1,-1.962510033241717
-1,-0.776352901041611
1,0.061738428210778684
-1,-0.9498109692245846
-1,-1.4495976307042466
1,0.07334054168155224
-1,-1.4526724803367532
1,0.10147770665809919
1,2.3913222558665685
-1,-1.711883770708583
1,0.9384440407996417
-1,-0.8321514023351002
-1,-2.5033490757988446
-1,-2.228453895223483
1,4.51275425766681
1,3.039861926920646
1,0.03873889832932331
1,1.2551363804535447
-1,-2.8532901490368467
-1,-2.8733582061616523
-1,-0.5656826821139068
-1,-2.57450864476997
-1,-0.5189437608203713
-1,-0.4437479579186422
-1,-3.3135269647398653
-1,-0.7115285327405934
-1,-2.847397564881006
1,0.5043926393393048
-1,-1.4036637708586326
-1,-1.514281090808708
-1,-1.0342783824896256
-1,-2.391549203507772
-1,-2.4733354489891126
-1,-3.8264171025060065
-1,-3.684683831050606
-1,-0.31890670212241923
1,1.3445301182571494
1,2.576929326613021
1,0.8553091979485759
-1,-2.936117931177387
-1,-2.743163542870052
-1,-3.8250911774471223
-1,-1.2605020347198805
1,0.2081771248300044
1,0.06480812632753952
-1,-0.11243869371876591
-1,-0.7850216715309586
-1,-0.883110570246894
-1,-0.614173140925147
1,0.7752022714198148
1,0.7243983118014545
-1,-0.6470272490708486
1,1.9484849358131344
-1,-0.7480436026980641
-1,-2.05237705013591
-1,-1.7411112631952084
1,0.490183787103301
-1,-1.806839778219103
-1,-3.1966418127190277
1,0.8410379579540042
1,0.26865573578630486
-1,-2.542299765460033
-1,-0.7678659805148162
-1,-0.611939495437818
-1,-3.2758879421581204
-1,-0.8663416897287193
-1,-2.9830758402469963
-1,-2.0684443018622396
-1,-2.4240716585821724
-1,-2.4788168484715576
-1,-3.3844722911341085
-1,-0.33131024738108505
-1,-2.4781776736726497
-1,-0.024703047879048423
1,0.7262344921328172
-1,-3.293099666264574
-1,-2.8132267961462913
-1,-2.7922988717103676
1,0.3342565250292058
-1,-1.239657437647351
1,0.09779000662717441
-1,-2.9356418920787624
-1,-2.196840607774366
-1,-1.1908967109672939
1,0.676558014264284
-1,-0.9296675737375693
-1,-0.6618373507873763
-1,-0.006893882711621391
-1,-1.5092378567399305
-1,-1.6193798401302095
-1,-1.5966109025690398
1,2.3424948862225348
1,0.8138001635169347
-1,-3.1269669315397968
-1,-0.04119420228859427
1,0.5504078410694035
-1,-2.257190855704491
-1,-0.8295941406459961
-1,-1.1608076694172476
-1,-2.4228445416355004
-1,-0.20599038832970362
-1,-0.9868016512044868
-1,-1.2094499914720596
-1,-0.13696332758985486
1,0.8467256696777548
-1,-0.5217205948463367
-1,-1.4319468105659476
-1,-0.32457714881371236
-1,-1.0380834634008314
-1,-1.7132026626897368
-1,-1.9608441218491197
1,0.4466393168240905
-1,-0.061507983923562826
-1,-2.2193438883674084
-1,-1.6611688849459099
-1,-2.1252449552036787
1,1.2555060573395724
-1,-0.6811863272656888
-1,-2.8224308165510337
-1,-2.8864955375807577
-1,-2.408506232123133
-1,-3.8789853548642714
-1,-2.9051936050663576
-1,-0.2704583080164765
1,0.8640225881708437
-1,-4.29171520267541
-1,-1.737682267544025
1,0.23933774348149472
-1,-2.7324438737205594
-1,-3.265055809972524
-1,-1.239186749362206
-1,-1.9783792645686848
1,0.8349172182505811
1,1.361317012935687
1,1.2182127634416273
-1,-3.3513543067667078
1,2.0595216300466603
-1,-1.0369238382375372
-1,-1.7754504095512305
-1,-2.2997138749362938
-1,-1.486822729026915
1,0.47775592789000143
-1,-2.547526988858122
1,1.3895796921769363
-1,-0.0025950570138495443
-1,-2.074605441782973
-1,-1.285968366142686
-1,-2.6627517721188343
-1,-3.948594547775804
1,1.1888727691693661
1,1.4886413641350058
-1,-2.451986675244843
-1,-2.7171056922168617
-1,-2.2251504208089883
-1,-1.6113747906939775
-1,-0.8731843891288062
-1,-1.3918603962726595
-1,-0.9458351154445903
-1,-0.05464079991408677
-1,-0.19571674223826774
-1,-2.1093484440662458
-1,-3.2521865874094935
-1,-0.8055140545860893
-1,-3.6350262883302618
-1,-0.22465554302782498
-1,-0.13445377540843417
-1,-3.8320990996406348
1,0.5077853892109816
-1,-0.8801134582896897
1,0.2790181699977414
-1,-1.5923459023625997
1,3.983783842450933
-1,-3.0061826863898613
-1,-0.9242330336505664
1,1.7484179278690093
1,0.9653876697763943
-1,-0.545594147514683
-1,-0.25472293575024907
1,0.7645960616373215
-1,-1.388960013973617
-1,-1.1103120768949535
-1,-0.8701946421206896
-1,-3.153189492744609
-1,-2.665462788014006
-1,-0.7805762621301965
-1,-2.523106314112155
-1,-3.171635606896232
-1,-0.6974659708150107
1,0.05840141701962298
1,0.3901096732212288
-1,-3.059708884702844
-1,-2.052132876211111
-1,-2.9504392900772465
-1,-3.4186468510419603
-1,-2.281137884632985
1,0.5861712231823859
1,0.08605864512717187
-1,-1.3729171815586012
-1,-1.3886344204814505
1,1.5190508841722818
-1,-1.8246798881138457
-1,-1.8547237890909407
-1,-1.5615948998266767
-1,-0.9205326198702692
-1,-3.330059660648783
-1,-1.11835342377732
-1,-2.835455010443786
1,0.9269528158432225
-1,-2.2709810937805566
1,0.7415271572842332
-1,-0.3198244466319766
1,2.134690546341088
1,0.4002706971452785
-1,-1.201683696168314
-1,-0.2451878086061371
-1,-1.320218134232236
-1,-0.06442332656790817
-1,-3.7877184846883605
-1,-0.30614408146387717
1,2.0456158134126836
-1,-3.2544270778361817
-1,-4.068653983570077
-1,-0.7872261019188245
1,0.5035393307670313
-1,-0.4037414902751211
1,0.08865506324358474
-1,-1.6858437849517678
1,0.32425087255131557
1,1.4480570099207426
-1,-2.700927388198026
-1,-4.3809680681490155
1,1.4164958962678893
-1,-0.6323198119536912
-1,-1.2762369048784306
-1,-2.3922958233711435
1,0.7383307476334291
-1,-1.1320260499942105
-1,-0.37468021492876435
-1,-1.9920039794639166
-1,-0.10608543428418493
-1,-1.7771887347491941
-1,-0.40428987913832604
-1,-1.9898709446104665
-1,-0.6390109662219527
-1,-0.22674189032521164
-1,-1.768886208562266
-1,-2.881808166926702
-1,-2.487155520018594
-1,-1.637561822692491
-1,-0.8793459219631986
-1,-1.8884297094562021
1,2.170246372962036
-1,-2.718736857755786
-1,-0.21028592606807117
-1,-2.8428063572094944
-1,-2.5846437555841346
-1,-2.972266064520851
-1,-1.5413364662173084
1,1.266620695432602
1,0.041019343875018155
1,0.24132788001086447
1,0.8585862248700644
-1,-2.2369471275606387
1,1.977545629280909
1,1.4116636716651982
-1,-2.1705794706858073
-1,-2.085461504500871
-1,-2.878977449372681
-1,-0.8549922547323701
-1,-3.1396575567237397
-1,-2.394303920500402
-1,-0.9987616210934989
-1,-1.2104087511719517
1,0.8477514714576102
1,1.0057374942235449
1,0.5784158709352121
-1,-0.6189897440641523
-1,-1.0650890400683608
-1,-1.4276891695377334
1,0.764106960120928
-1,-0.9730107333438629
1,0.004678303656536986
-1,-1.8373657556936893
-1,-1.7434396317348297
-1,-3.426460812747928
-1,-2.7188781434453753
-1,-1.8871554395182035
-1,-2.7519258047171857
-1,-2.5583700248757424
-1,-3.732409793895812
-1,-2.192257380019163
-1,-0.6723006344139597
-1,-0.6166924561994782
-1,-3.8050667080950857
-1,-4.163125272232145
-1,-1.9564029317671943
-1,-1.2442696754141092
-1,-3.1658132328308364
-1,-1.9199396677129463
-1,-1.3936845364724684
-1,-2.341099123245462
-1,-0.018077411831175727
-1,-0.05894372612629417
-1,-2.2507356924425377
-1,-3.040798634876924
-1,-0.8456445072713639
-1,-1.7168510428547759
-1,-2.5877701500602015
1,1.0888884578373335
-1,-2.6960153448948594
1,0.5121749934499213
1,1.0809648747846585
-1,-1.261660010313161
-1,-0.15180219644252468
-1,-1.7956143254493622
-1,-0.30134238404154234
-1,-1.9279915283295106
-1,-2.1128129393394453
-1,-0.450774046129752
1,0.22087908563031622
-1,-4.5532940393650705
-1,-0.05463329404769546
-1,-1.5372540375907222
-1,-2.814700364196008
1,0.028330200020332263
-1,-2.9261225624919844
-1,-2.849944920488589
-1,-0.14310064959378388
1,3.2043432309659217
-1,-0.5479671186627596
1,2.2426654115578817
-1,-0.4784138259406653
-1,-0.8375624255783078
-1,-1.8600369665403023
-1,-0.4135125883945767
-1,-2.7816693285991887
-1,-4.227763346522325
-1,-2.1705822253282663
-1,-1.336140559696224
1,0.021089445570604104
-1,-1.0024239754410251
-1,-2.7076841437960466
-1,-2.253361314570316
-1,-3.1482862427927962
-1,-3.1346976788799816
-1,-2.1004396088733337
1,0.1864728590944431
-1,-1.56206670028163
1,0.4358748232510121
-1,-2.1541447354815326
1,1.9793338536088048
-1,-0.4430560588850414
-1,-0.027700753541428202
-1,-0.7023200528219685
-1,-2.736251491834767
-1,-2.2765265883474077
1,5.2978069733520785
1,1.4443366063860401
1,1.9261350862714328
1,0.7803684176839627
-1,-2.4498747985531617
-1,-1.8439764375554053
-1,-0.30895195051772295
-1,-1.6789264910191606
-1,-2.0884333873677985
-1,-1.4149835952826824
-1,-0.7233676546038817
-1,-1.5488860374230715
1,0.2751135941447691
-1,-2.746364527507218
1,7.51783726792409
1,0.2512919981721351
-1,-2.5673935745933907
-1,-1.8007454716935138
-1,-2.509966734636989
-1,-0.6554138143383283
-1,-1.2510274561046422
1,0.2529096341198618
1,0.5283545449225528
-1,-3.5134735235604753
-1,-1.521041935565608
-1,-3.0794995889821823
1,2.161584241424352
-1,-0.02159900998684905
-1,-1.1634005736888962
-1,-2.778950914743344
1,0.2402203010488113
1,0.5136193361961348
1,1.5752685151456267
-1,-3.684325282780118
-1,-0.9645766259755173
-1,-2.98854374237023
1,1.9404135238580327
-1,-3.257513481711128
-1,-1.1941765714847539
-1,-3.4841070837018675
-1,-0.819033966673907
1,1.0852320458973914
-1,-2.161667048673335
-1,-2.6507924992387872
-1,-0.337799178175317
-1,-1.7840834395806877
1,0.2357619555469077
-1,-2.6698885224754862
-1,-1.2128537379808286
-1,-0.3808366539921936
-1,-2.3658573017923876
1,0.5548468523520251
-1,-2.632115233042263
1,1.090871937984318
1,0.04965924269273936
-1,-0.6930990156031243
1,0.4973178309946902
-1,-4.382069344769302
-1,-1.9061315547215576
-1,-3.675843602402887
1,0.4431902943638326
-1,-0.02363018345935619
-1,-4.0740344852748684
-1,-1.5319983079700428
-1,-1.1636465435748333
-1,-2.1250187704607884
-1,-2.215775405045754
-1,-2.9690905030164974
1,0.2550810220608215
-1,-1.2461968070662282
-1,-0.5606358397092521
1,4.3397097382723056
-1,-1.0117723570004304
-1,-2.7983885073598502
-1,-0.767646869418001
-1,-2.268234340079218
1,2.139568122662217
1,1.208324482019757
-1,-0.15534935223646595
-1,-2.324323479509034
-1,-2.5599975215267907
-1,-0.556226516861904
1,1.3320916466186998
-1,-2.105475408088412
-1,-1.6917422624111889
-1,-0.23506113974925713
-1,-2.48365801664892
-1,-2.1214693313323556
-1,-0.6831346998419667
-1,-0.21301979610394906
-1,-1.3853325756628023
-1,-2.2195426770957982
-1,-1.196340756040821
-1,-1.2225807131637993
-1,-1.465959121165573
-1,-0.5176821513515335
1,0.043012248177594525
1,1.9954330168466414
-1,-1.244579476936754
-1,-0.11560631700969182
-1,-0.911961056034198
-1,-1.1847671901732626
1,0.6766792536704016
1,0.5393801988089675
1,0.560691567411723
1,1.1498341688482234
1,0.2682380567639171
-1,-0.924610736119677
-1,-1.9483222018517914
1,0.7380347838905583
-1,-1.8497980151076885
1,1.8920066067377077
-1,-1.5747546010754883
-1,-3.303983939809237
-1,-0.1295903902926846
-1,-1.5167932003516809
1,0.0800859614193794
-1,-0.33070325194619554
-1,-0.1405903206211695
1,0.6472630137179736
1,0.6977135059161819
-1,-0.12397292039862806
-1,-2.2215827210388843
-1,-2.703264314780541
-1,-0.5107036776175691
1,0.9199230629626178
-1,-0.7228075973631212
-1,-1.2248432945942722
-1,-1.7628128833365446
1,0.6051485534988648
-1,-1.781462631554528
-1,-1.5686981927954982
-1,-0.005768028876414366
-1,-0.046034007194940774
-1,-0.31587811194523374
-1,-1.3319886301597845
-1,-0.2579265058365754
-1,-2.3835078810799244
1,0.4839623075646049
1,1.021141870011881
-1,-1.1297926058127317
-1,-0.38785721001909834
-1,-3.7249057616547905
1,1.9056014996929787
-1,-3.5464201147929693
-1,-2.852791819301127
-1,-1.5594865383780645
-1,-0.9630005271558778
-1,-0.47917876204528753
-1,-1.4116100003967258
-1,-4.944839099548937
-1,-0.2085848135092161
-1,-2.774995031162767
-1,-0.9205596599033585
1,0.2648069691018462
-1,-2.017473792514614
-1,-3.0939183161159036
1,1.084266187970054
1,2.198733086952628
-1,-2.220480865051053
-1,-1.724025434637478
-1,-1.2793411596898496
-1,-3.156591866521511
-1,-3.136234136084717
1,0.5700670750095647
-1,-1.086127167232941
-1,-0.5117031439244942
-1,-0.03467749153354349
-1,-2.4822860208148985
-1,-0.36353716694785077
-1,-1.8893626647398343
-1,-2.740335609939219
-1,-0.921737465498068
-1,-1.2940880076514782
-1,-0.2177462704199633
-1,-1.6144112493337783
-1,-0.06473343176741575
-1,-2.5296173234183765
-1,-2.169549669377795
-1,-2.5969144551532315
1,0.3844158711248753
-1,-0.2544973033937292
-1,-2.6300779242107275
-1,-2.422539928838666
1,0.022767839639980636
-1,-2.9738419523159783
1,0.29829441890399444
-1,-2.921844356753036
1,2.866211950860688
-1,-0.5248415876074112
-1,-0.8838279536676149
-1,-3.207680001677714
-1,-2.40806367793659
-1,-4.23838105104221
1,0.3300452117850716
-1,-2.2063231291080507
-1,-0.15427260843371404
1,0.06334571391972044
-1,-0.891917901337747
1,0.4965033336094502
1,5.418208773605437
-1,-2.5266660455200713
-1,-2.085016844411797
-1,-0.15014845094321783
-1,-1.1527528994952538
1,0.22406313817247403
1,0.7457912755058598
1,2.2657337175345367
-1,-3.0885934294352824
-1,-0.42772958578862075
1,0.27332019959164433
-1,-2.842165801355348
-1,-2.384280086290403
-1,-1.0279558294161435
-1,-1.8197584110455174
-1,-1.053127895594426
-1,-1.2468434606567855
-1,-2.6024342675532806
-1,-1.4273550610473997
1,0.21152091946611162
1,0.9411136242005533
-1,-1.589283300236965
-1,-0.22526169750866887
-1,-1.7654985211432113
1,0.24778670553387272
-1,-0.7616970953726294
-1,-0.4636656430648155
-1,-0.01659431542980072
-1,-0.9972405106636737
-1,-0.5503067124726942
-1,-0.9673541694030041
1,1.2180377518158132
-1,-2.7536280514679996
-1,-3.1723217140962596
-1,-0.7801025937008434
1,2.026048436086472
1,1.1051124727557242
-1,-1.8724400555731056
-1,-0.49694157331608424
-1,-1.4257292117264273
-1,-0.561514917433391
-1,-0.4773908539388432
1,2.1174084438733063
-1,-1.5463107493941262
-1,-2.1852258930556046
-1,-0.3688240267756009
1,0.32072848722849856
-1,-2.732260842924366
-1,-1.564037655432725
-1,-0.21594023880007818
-1,-3.3399978912448036
1,0.45382682531740337
-1,-2.410413634866278
-1,-1.3937454687536883
-1,-0.3429782528540499
-1,-1.2315688689545865
-1,-1.3305960868924136
1,2.8682616568053536
1,0.47346669745309056
-1,-0.8045594394579343
-1,-0.9222476316019579
-1,-3.3547833128701674
1,1.0227488969178566
-1,-1.923111081385198
-1,-1.2120758609174758
-1,-2.6009585298313374
-1,-1.7680867593611151
-1,-3.2188460966685595
-1,-1.1235428496590598
-1,-0.8702114945717848
-1,-3.913692661861984
-1,-4.4382181851318325
-1,-1.7189620143168944
-1,-0.6756938474058087
-1,-2.5194846606382155
-1,-2.85810083621807
1,0.5271910695768565
-1,-0.13507660561629908
-1,-3.878072762305872
-1,-3.0398500332012874
-1,-1.767665465112352
-1,-2.97296976966863
-1,-0.6919261558594964
-1,-0.9905952350019712
1,0.7859685876813398
1,0.4607919509361802
-1,-1.8907583799901544
-1,-0.7840551273789937
-1,-3.5460193494441574
-1,-1.7635745717729767
-1,-0.5357613578764714
-1,-2.5251049016269937
1,1.4535800918187578
-1,-1.9089763380890041
